
{
  "ID": 127,
  "Name": "The Void",
  "Resource Location": "minecraft:void",
  "Class": "net.minecraft.world.biome.BiomeVoid",
  "Root Height": 0.1,
  "Height Variation": 0.2,
  "Top Block": "minecraft:grass[snowy\u003dfalse]",
  "Filler Block": "minecraft:dirt[snowy\u003dfalse,variant\u003ddirt]",
  "Ocean Top Block": "Disabled. Activate in BiomeTweakerCore.",
  "Ocean Filler Block": "Disabled. Activate in BiomeTweakerCore.",
  "Actual Filler Blocks": "Disabled. Activate in BiomeTweakerCore.",
  "Grass Color": "Disabled. Activate in BiomeTweakerCore.",
  "Foliage Color": "Disabled. Activate in BiomeTweakerCore.",
  "Water Color": "16777215",
  "Temperature": 0.5,
  "Humidity": 0.5,
  "Water Tint": 16777215,
  "Enable Rain": false,
  "Enable Snow": false,
  "Dictionary Types": [
    "VOID"
  ],
  "BiomeManager Entries": {},
  "Spawnable Creatures": [],
  "Spawnable Monsters": [],
  "Spawnable Water Creatures": [],
  "Spawnable Cave Creatures": [],
  "Spawn Biome": false,
  "Tweaked": false
}